,Age,Area,Country,Survey Availability,Time use,Year,Average Time (hours),Gender,code
0,10+,,Albania,2005 and later,"Unpaid domestic, care and volunteer work",2010-11,0.833333333,Men,ALB
1,10+,,Albania,2005 and later,Paid and subsistence work,2010-11,4.266666667,Men,ALB
2,12+,,Algeria,2005 and later,"Unpaid domestic, care and volunteer work",2012,0.9,Men,DZA
3,12+,,Algeria,2005 and later,Paid and subsistence work,2012,3.3,Men,DZA
4,15 to 74,,Argentina,2005 and later,"Unpaid domestic, care and volunteer work",2005,1.466666667,Men,ARG
5,15 to 74,,Argentina,2005 and later,Paid and subsistence work,2005,5.233333333,Men,ARG
6,18+,,Argentina,2005 and later,"Unpaid domestic, care and volunteer work",2013,2.05,Men,ARG
7,18+,,Argentina,2005 and later,Paid and subsistence work,2013,,Men,ARG
8,15 to 80,,Armenia,1995 - 2004,"Unpaid domestic, care and volunteer work",2004,1.1,Men,ARM
9,15 to 80,,Armenia,1995 - 2004,Paid and subsistence work,2004,5.3,Men,ARM
10,15 to 80,,Armenia,2005 and later,"Unpaid domestic, care and volunteer work",2008,1.05,Men,ARM
11,15 to 80,,Armenia,2005 and later,Paid and subsistence work,2008,4.85,Men,ARM
12,15+,,Australia,1985 - 1994,"Unpaid domestic, care and volunteer work",1992,2.75,Men,AUS
13,15+,,Australia,1985 - 1994,Paid and subsistence work,1992,4.466666667,Men,AUS
14,15+,,Australia,1995 - 2004,"Unpaid domestic, care and volunteer work",1997,2.7833333330000003,Men,AUS
15,15+,,Australia,1995 - 2004,Paid and subsistence work,1997,4.35,Men,AUS
16,15+,,Australia,2005 and later,"Unpaid domestic, care and volunteer work",2006,2.866666667,Men,AUS
17,15+,,Australia,2005 and later,Paid and subsistence work,2006,4.55,Men,AUS
18,20 to 74,,Austria,1985 - 1994,"Unpaid domestic, care and volunteer work",1992,2.016666667,Men,AUT
19,20 to 74,,Austria,1985 - 1994,Paid and subsistence work,1992,4.733333333,Men,AUT
20,20 to 74,,Austria,2005 and later,"Unpaid domestic, care and volunteer work",2008-09,2.083333333,Men,AUT
21,20 to 74,,Austria,2005 and later,Paid and subsistence work,2008-09,4.0,Men,AUT
22,15+,,Azerbaijan,2005 and later,"Unpaid domestic, care and volunteer work",2008,2.133333333,Men,AZE
23,15+,,Azerbaijan,2005 and later,Paid and subsistence work,2008,4.666666667,Men,AZE
24,10+,,Belarus,2005 and later,"Unpaid domestic, care and volunteer work",2014-15,2.516666667,Men,BLR
25,10+,,Belarus,2005 and later,Paid and subsistence work,2014-15,4.633333333,Men,BLR
26,12+,,Belgium,1998-00,"Unpaid domestic, care and volunteer work",1998-00,2.4,Men,BEL
27,12+,,Belgium,1998-00,Paid and subsistence work,1998-00,2.766666667,Men,BEL
28,12+,,Belgium,2005 and later,"Unpaid domestic, care and volunteer work",2013,2.5333333330000003,Men,BEL
29,12+,,Belgium,2005 and later,"Unpaid domestic, care and volunteer work",2005,2.4,Men,BEL
30,12+,,Belgium,2005 and later,Paid and subsistence work,2013,2.95,Men,BEL
31,12+,,Belgium,2005 and later,Paid and subsistence work,2005,2.683333333,Men,BEL
32,15 to 84,,Belgium,2005 and later,"Unpaid domestic, care and volunteer work",2005,2.45,Men,BEL
33,15 to 84,,Belgium,2005 and later,Paid and subsistence work,2005,3.5333333330000003,Men,BEL
34,19 to 65,,Belgium,1998-00,"Unpaid domestic, care and volunteer work",1998-00,2.3,Men,BEL
35,19 to 65,,Belgium,1998-00,Paid and subsistence work,1998-00,3.75,Men,BEL
36,19 to 65,,Belgium,2005 and later,"Unpaid domestic, care and volunteer work",2005,2.316666667,Men,BEL
37,19 to 65,,Belgium,2005 and later,Paid and subsistence work,2005,3.583333333,Men,BEL
38,19 to 65,,Belgium,Up to 1984,"Unpaid domestic, care and volunteer work",1966,1.166666667,Men,BEL
39,19 to 65,,Belgium,Up to 1984,Paid and subsistence work,1966,6.25,Men,BEL
40,6 to 65,Rural,Benin,1995 - 2004,"Unpaid domestic, care and volunteer work",1998,1.083333333,Men,BEN
41,6 to 65,Rural,Benin,1995 - 2004,Paid and subsistence work,1998,4.75,Men,BEN
42,6 to 65,Urban,Benin,1995 - 2004,"Unpaid domestic, care and volunteer work",1998,1.0,Men,BEN
43,6 to 65,Urban,Benin,1995 - 2004,Paid and subsistence work,1998,3.916666667,Men,BEN
44,Unknown age,,Bhutan,2006-07,"Unpaid domestic, care and volunteer work",2006-07,1.483333333,Men,BTN
45,Unknown age,,Bhutan,2006-07,Paid and subsistence work,2006-07,5.65,Men,BTN
46,20 to 59,Urban,Bolivia (Plurinational State of),1995 - 2004,"Unpaid domestic, care and volunteer work",2001,1.3,Men,BOL
47,20 to 59,Urban,Bolivia (Plurinational State of),1995 - 2004,Paid and subsistence work,2001,6.0,Men,BOL
48,10+,,Brazil,2005 and later,"Unpaid domestic, care and volunteer work",2009,1.4333333330000002,Men,BRA
49,10+,,Brazil,2005 and later,Paid and subsistence work,2009,5.2,Men,BRA
50,15+,,Brazil,2005 and later,"Unpaid domestic, care and volunteer work",2012,0.75,Men,BRA
51,15+,,Brazil,2005 and later,Paid and subsistence work,2012,4.7,Men,BRA
52,20 to 74,,Bulgaria,1995 - 2004,"Unpaid domestic, care and volunteer work",2001-02,2.616666667,Men,BGR
53,20 to 74,,Bulgaria,1995 - 2004,Paid and subsistence work,2001-02,3.916666667,Men,BGR
54,20 to 74,,Bulgaria,2005 and later,"Unpaid domestic, care and volunteer work",2009-10,2.2166666669999997,Men,BGR
55,20 to 74,,Bulgaria,2005 and later,Paid and subsistence work,2009-10,3.166666667,Men,BGR
56,15 to 64,,Cambodia,1995 - 2004,"Unpaid domestic, care and volunteer work",2003-04,0.3,Men,KHM
57,15 to 64,,Cambodia,1995 - 2004,Paid and subsistence work,2003-04,6.3,Men,KHM
58,15+,,Canada,1995 - 2004,"Unpaid domestic, care and volunteer work",1998,2.733333333,Men,CAN
59,15+,,Canada,1995 - 2004,Paid and subsistence work,1998,4.516666667,Men,CAN
60,15+,,Canada,2005 and later,"Unpaid domestic, care and volunteer work",2010,2.833333333,Men,CAN
61,15+,,Canada,2005 and later,"Unpaid domestic, care and volunteer work",2005,2.6,Men,CAN
62,15+,,Canada,2005 and later,Paid and subsistence work,2010,4.25,Men,CAN
63,15+,,Canada,2005 and later,Paid and subsistence work,2005,4.6,Men,CAN
64,12+,,Chile,2015,"Unpaid domestic, care and volunteer work",2015,2.583333333,Men,CHL
65,12+,,Chile,2015,Paid and subsistence work,2015,4.633333333,Men,CHL
66,15+,,Chile,2005 and later,"Unpaid domestic, care and volunteer work",2007-08,1.25,Men,CHL
67,15+,,Chile,2005 and later,Paid and subsistence work,2007-08,4.8,Men,CHL
68,15 to 74,,China,2005 and later,"Unpaid domestic, care and volunteer work",2008,1.516666667,Men,CHN
69,15 to 74,,China,2005 and later,Paid and subsistence work,2008,6.0,Men,CHN
70,15+,,HK,1995 - 2004,"Unpaid domestic, care and volunteer work",2001-02,1.1,Men,HKG
71,15+,,HK,1995 - 2004,Paid and subsistence work,2001-02,5.3,Men,HKG
72,15+,,HK,2005 and later,"Unpaid domestic, care and volunteer work",2013,0.8,Men,HKG
73,15+,,HK,2005 and later,Paid and subsistence work,2013,4.1,Men,HKG
74,15+,,Colombia,2005 and later,"Unpaid domestic, care and volunteer work",2012,1.266666667,Men,COL
75,15+,,Colombia,2005 and later,Paid and subsistence work,2012,5.6166666670000005,Men,COL
76,12+,,Costa Rica,1995 - 2004,"Unpaid domestic, care and volunteer work",2004,1.5666666669999998,Men,CRI
77,12+,,Costa Rica,1995 - 2004,Paid and subsistence work,2004,5.733333332999999,Men,CRI
78,12+,Metropolitan area,Costa Rica,2005 and later,"Unpaid domestic, care and volunteer work",2011,2.4,Men,CRI
79,12+,Metropolitan area,Costa Rica,2005 and later,Paid and subsistence work,2011,5.283333333,Men,CRI
80,15+,Metropolitan area,Costa Rica,2005 and later,"Unpaid domestic, care and volunteer work",2011,0.85,Men,CRI
81,15+,Metropolitan area,Costa Rica,2005 and later,Paid and subsistence work,2011,4.85,Men,CRI
82,15+,Bayamo,Cuba,1995 - 2004,"Unpaid domestic, care and volunteer work",2001,1.466666667,Men,CUB
83,15+,Bayamo,Cuba,1995 - 2004,Paid and subsistence work,2001,6.1333333329999995,Men,CUB
84,15+,Guisa,Cuba,1995 - 2004,"Unpaid domestic, care and volunteer work",2001,1.8,Men,CUB
85,15+,Guisa,Cuba,1995 - 2004,Paid and subsistence work,2001,4.95,Men,CUB
86,15+,Habana Vieja,Cuba,1995 - 2004,"Unpaid domestic, care and volunteer work",2001,1.283333333,Men,CUB
87,15+,Habana Vieja,Cuba,1995 - 2004,Paid and subsistence work,2001,5.983333332999999,Men,CUB
88,15+,Pina del Rio,Cuba,1995 - 2004,"Unpaid domestic, care and volunteer work",2001,1.75,Men,CUB
89,15+,Pina del Rio,Cuba,1995 - 2004,Paid and subsistence work,2001,5.4,Men,CUB
90,15+,San Juan y Martinez,Cuba,1995 - 2004,"Unpaid domestic, care and volunteer work",2001,1.8333333330000001,Men,CUB
91,15+,San Juan y Martinez,Cuba,1995 - 2004,Paid and subsistence work,2001,6.266666667000001,Men,CUB
92,16 to 74,,Denmark,1985 - 1994,"Unpaid domestic, care and volunteer work",1987,1.6333333330000002,Men,DNK
93,16 to 74,,Denmark,1985 - 1994,Paid and subsistence work,1987,4.75,Men,DNK
94,16 to 74,,Denmark,1995 - 2004,"Unpaid domestic, care and volunteer work",2001,2.433333333,Men,DNK
95,16 to 74,,Denmark,1995 - 2004,Paid and subsistence work,2001,5.033333333,Men,DNK
96,20 to 74,,Denmark,2005 and later,"Unpaid domestic, care and volunteer work",2008-09,2.7,Men,DNK
97,20 to 74,,Denmark,2005 and later,Paid and subsistence work,2008-09,3.45,Men,DNK
98,12+,,Ecuador,2005 and later,"Unpaid domestic, care and volunteer work",2012,1.116666667,Men,ECU
99,12+,,Ecuador,2005 and later,Paid and subsistence work,2012,5.15,Men,ECU
100,10+,,Estonia,1995 - 2004,"Unpaid domestic, care and volunteer work",1999-00,2.983333333,Men,EST
101,10+,,Estonia,1995 - 2004,Paid and subsistence work,1999-00,3.9,Men,EST
102,10+,,Estonia,2005 and later,"Unpaid domestic, care and volunteer work",2009-10,2.816666667,Men,EST
103,10+,,Estonia,2005 and later,Paid and subsistence work,2009-10,3.2833333330000003,Men,EST
104,10+,,Ethiopia,2005 and later,"Unpaid domestic, care and volunteer work",2013,2.083333333,Men,ETH
105,10+,,Ethiopia,2005 and later,Paid and subsistence work,2013,5.016666667,Men,ETH
106,18+,,Ethiopia,2005 and later,"Unpaid domestic, care and volunteer work",2013,2.083333333,Men,ETH
107,18+,,Ethiopia,2005 and later,Paid and subsistence work,2013,5.366666667,Men,ETH
108,10+,,Finland,1995 - 2004,"Unpaid domestic, care and volunteer work",1999-00,2.05,Men,FIN
109,10+,,Finland,1995 - 2004,Paid and subsistence work,1999-00,4.45,Men,FIN
110,10+,,Finland,2005 and later,"Unpaid domestic, care and volunteer work",2009-10,2.2,Men,FIN
111,10+,,Finland,2005 and later,Paid and subsistence work,2009-10,3.366666667,Men,FIN
112,10+,,Finland,Up to 1984,"Unpaid domestic, care and volunteer work",1979,1.8333333330000001,Men,FIN
113,10+,,Finland,Up to 1984,Paid and subsistence work,1979,4.3,Men,FIN
114,20 to 74,,Finland,1995 - 2004,"Unpaid domestic, care and volunteer work",1999-00,2.266666667,Men,FIN
115,20 to 74,,Finland,1995 - 2004,Paid and subsistence work,1999-00,3.8,Men,FIN
116,20 to 74,,Finland,2005 and later,"Unpaid domestic, care and volunteer work",2009-10,2.416666667,Men,FIN
117,20 to 74,,Finland,2005 and later,Paid and subsistence work,2009-10,3.2166666669999997,Men,FIN
118,15 to 60,,France,1995 - 2004,"Unpaid domestic, care and volunteer work",1998-99,2.2166666669999997,Men,FRA
119,15 to 60,,France,1995 - 2004,Paid and subsistence work,1998-99,5.5,Men,FRA
120,15 to 60,,France,2005 and later,"Unpaid domestic, care and volunteer work",2009-10,2.2166666669999997,Men,FRA
121,15 to 60,,France,2005 and later,Paid and subsistence work,2009-10,5.25,Men,FRA
122,15+,,France,2005 and later,"Unpaid domestic, care and volunteer work",2009-10,2.4,Men,FRA
123,15+,,France,2005 and later,Paid and subsistence work,2009-10,3.516666667,Men,FRA
124,20 to 74,,France,1995 - 2004,"Unpaid domestic, care and volunteer work",1998-99,2.383333333,Men,FRA
125,20 to 74,,France,1995 - 2004,Paid and subsistence work,1998-99,4.233333333,Men,FRA
126,20 to 74,,France,2005 and later,"Unpaid domestic, care and volunteer work",2009-10,2.316666667,Men,FRA
127,20 to 74,,France,2005 and later,Paid and subsistence work,2009-10,4.116666667,Men,FRA
128,10+,,Germany,1995 - 2004,"Unpaid domestic, care and volunteer work",2001-02,2.5,Men,DEU
129,10+,,Germany,1995 - 2004,Paid and subsistence work,2001-02,3.9,Men,DEU
130,10+,,Germany,2005 and later,"Unpaid domestic, care and volunteer work",2012-13,2.75,Men,DEU
131,10+,,Germany,2005 and later,Paid and subsistence work,2012-13,3.316666667,Men,DEU
132,20 to 74,,Germany,1995 - 2004,"Unpaid domestic, care and volunteer work",2001-02,2.5,Men,DEU
133,20 to 74,,Germany,1995 - 2004,Paid and subsistence work,2001-02,3.9,Men,DEU
134,10+,,Ghana,2005 and later,"Unpaid domestic, care and volunteer work",2009,1.133333333,Men,GHA
135,10+,,Ghana,2005 and later,Paid and subsistence work,2009,4.8,Men,GHA
136,18+,,Ghana,2005 and later,"Unpaid domestic, care and volunteer work",2009,1.1,Men,GHA
137,18+,,Ghana,2005 and later,Paid and subsistence work,2009,6.516666667000001,Men,GHA
138,10+,,Greece,2005 and later,"Unpaid domestic, care and volunteer work",2013-14,1.55,Men,GRC
139,10+,,Greece,2005 and later,Paid and subsistence work,2013-14,2.5333333330000003,Men,GRC
140,20 to 74,,Greece,2005 and later,"Unpaid domestic, care and volunteer work",2013-14,1.6833333330000002,Men,GRC
141,20 to 74,,Greece,2005 and later,Paid and subsistence work,2013-14,3.2166666669999997,Men,GRC
142,15 to 59,,Guatemala,2005 and later,"Unpaid domestic, care and volunteer work",2006,0.783333333,Men,GTM
143,15 to 59,,Guatemala,2005 and later,Paid and subsistence work,2006,7.283333333,Men,GTM
144,15+,,Guatemala,2005 and later,"Unpaid domestic, care and volunteer work",2011,1.133333333,Men,GTM
145,15+,,Guatemala,2005 and later,Paid and subsistence work,2011,5.983333332999999,Men,GTM
146,15+,,Honduras,2005 and later,"Unpaid domestic, care and volunteer work",2009,1.05,Men,HND
147,15+,,Honduras,2005 and later,Paid and subsistence work,2009,4.4,Men,HND
148,15 to 74,,Hungary,1995 - 2004,"Unpaid domestic, care and volunteer work",1999-00,2.65,Men,HUN
149,15 to 74,,Hungary,1995 - 2004,Paid and subsistence work,1999-00,3.266666667,Men,HUN
150,20 to 74,,Hungary,2005 and later,"Unpaid domestic, care and volunteer work",2009-10,2.55,Men,HUN
151,20 to 74,,Hungary,2005 and later,Paid and subsistence work,2009-10,3.35,Men,HUN
152,6+,,India,1995 - 2004,"Unpaid domestic, care and volunteer work",1998-99,0.45,Men,IOT
153,6+,,India,1995 - 2004,Paid and subsistence work,1998-99,6.816666667000001,Men,IOT
154,15+,,Iran (Islamic Republic of),2005 and later,"Unpaid domestic, care and volunteer work",2008-09,1.3,Men,IRN
155,15+,,Iran (Islamic Republic of),2005 and later,Paid and subsistence work,2008-09,4.683333333,Men,IRN
156,10+,,Iraq,2005 and later,"Unpaid domestic, care and volunteer work",2007,1.0,Men,IRQ
157,10+,,Iraq,2005 and later,Paid and subsistence work,2007,3.9,Men,IRQ
158,15 to 64,,Ireland,2005 and later,"Unpaid domestic, care and volunteer work",2005,2.15,Men,IRL
159,15 to 64,,Ireland,2005 and later,Paid and subsistence work,2005,5.1,Men,IRL
160,15+,,Italy,1995 - 2004,"Unpaid domestic, care and volunteer work",2002-03,1.75,Men,ITA
161,15+,,Italy,1995 - 2004,Paid and subsistence work,2002-03,4.183333333,Men,ITA
162,15+,,Italy,2005 and later,"Unpaid domestic, care and volunteer work",2008-09,1.8,Men,ITA
163,15+,,Italy,2005 and later,Paid and subsistence work,2008-09,4.233333333,Men,ITA
164,10+,,Japan,1995 - 2004,"Unpaid domestic, care and volunteer work",2001,0.816666667,Men,JPN
165,10+,,Japan,1995 - 2004,Paid and subsistence work,2001,5.6166666670000005,Men,JPN
166,10+,,Japan,2005 and later,"Unpaid domestic, care and volunteer work",2011,0.7666666670000001,Men,JPN
167,10+,,Japan,2005 and later,"Unpaid domestic, care and volunteer work",2006,0.716666667,Men,JPN
168,10+,,Japan,2005 and later,Paid and subsistence work,2011,5.433333332999999,Men,JPN
169,10+,,Japan,2005 and later,Paid and subsistence work,2006,5.666666667,Men,JPN
170,10+,,Kazakhstan,2005 and later,"Unpaid domestic, care and volunteer work",2012,1.9,Men,KAZ
171,10+,,Kazakhstan,2005 and later,Paid and subsistence work,2012,3.833333333,Men,KAZ
172,20 to 74,,Kazakhstan,1995 - 2004,"Unpaid domestic, care and volunteer work",2003,4.166666667,Men,KAZ
173,20 to 74,,Kazakhstan,1995 - 2004,"Unpaid domestic, care and volunteer work",2000,3.316666667,Men,KAZ
174,20 to 74,,Kazakhstan,1995 - 2004,Paid and subsistence work,2003,5.483333332999999,Men,KAZ
175,20 to 74,,Kazakhstan,1995 - 2004,Paid and subsistence work,2000,5.066666667,Men,KAZ
176,20 to 74,,Kazakhstan,2005 and later,"Unpaid domestic, care and volunteer work",2006,3.616666667,Men,KAZ
177,20 to 74,,Kazakhstan,2005 and later,Paid and subsistence work,2006,5.45,Men,KAZ
178,12+,,Kyrgyzstan,2005 and later,"Unpaid domestic, care and volunteer work",2010,1.6666666669999999,Men,KGZ
179,12+,,Kyrgyzstan,2005 and later,Paid and subsistence work,2010,4.45,Men,KGZ
180,12+,,Kyrgyzstan,2015,"Unpaid domestic, care and volunteer work",2015,2.433333333,Men,KGZ
181,12+,,Kyrgyzstan,2015,Paid and subsistence work,2015,3.6,Men,KGZ
182,20 to 74,,Kyrgyzstan,1995 - 2004,"Unpaid domestic, care and volunteer work",2000,3.316666667,Men,KGZ
183,20 to 74,,Kyrgyzstan,1995 - 2004,Paid and subsistence work,2000,5.083333333,Men,KGZ
184,20 to 74,,Kyrgyzstan,2005 and later,"Unpaid domestic, care and volunteer work",2005,2.316666667,Men,KGZ
185,20 to 74,,Kyrgyzstan,2005 and later,Paid and subsistence work,2005,5.9,Men,KGZ
186,10+,,Lao People's Democratic Republic,1995 - 2004,"Unpaid domestic, care and volunteer work",2002-03,0.6,Men,LAO
187,10+,,Lao People's Democratic Republic,1995 - 2004,Paid and subsistence work,2002-03,5.2,Men,LAO
188,10+,,Lao People's Democratic Republic,2005 and later,"Unpaid domestic, care and volunteer work",2007-08,0.5,Men,LAO
189,10+,,Lao People's Democratic Republic,2005 and later,Paid and subsistence work,2007-08,4.7,Men,LAO
190,Unknown age,,Lao People's Democratic Republic,2005 and later,"Unpaid domestic, care and volunteer work",2012-13,0.6,Men,LAO
191,Unknown age,,Lao People's Democratic Republic,2005 and later,Paid and subsistence work,2012-13,4.9,Men,LAO
192,20 to 74,,Latvia,1995 - 2004,"Unpaid domestic, care and volunteer work",2003,1.8333333330000001,Men,LVA
193,20 to 74,,Latvia,1995 - 2004,Paid and subsistence work,2003,5.6166666670000005,Men,LVA
194,15+,,Lesotho,1995 - 2004,"Unpaid domestic, care and volunteer work",2002-03,1.483333333,Men,LSO
195,15+,,Lesotho,1995 - 2004,Paid and subsistence work,2002-03,4.883333333,Men,LSO
196,20 to 74,,Lithuania,1995 - 2004,"Unpaid domestic, care and volunteer work",2003,2.4,Men,LTU
197,20 to 74,,Lithuania,1995 - 2004,Paid and subsistence work,2003,5.216666667,Men,LTU
198,10 to 74,,Luxembourg,2005 and later,"Unpaid domestic, care and volunteer work",2014,1.85,Men,LUX
199,10 to 74,,Luxembourg,2005 and later,Paid and subsistence work,2014,4.033333333,Men,LUX
200,6 to 65,Rural,Madagascar,1995 - 2004,"Unpaid domestic, care and volunteer work",2001,0.666666667,Men,MDG
201,6 to 65,Rural,Madagascar,1995 - 2004,Paid and subsistence work,2001,6.0,Men,MDG
202,6 to 65,Urban,Madagascar,1995 - 2004,"Unpaid domestic, care and volunteer work",2001,0.916666667,Men,MDG
203,6 to 65,Urban,Madagascar,1995 - 2004,Paid and subsistence work,2001,4.833333333,Men,MDG
204,15+,,Malawi,2004-05,"Unpaid domestic, care and volunteer work",2004-05,0.3,Men,MWI
205,15+,,Malawi,2004-05,Paid and subsistence work,2004-05,4.166666667,Men,MWI
206,15 to 64,,Malaysia,1995 - 2004,"Unpaid domestic, care and volunteer work",2003,1.4333333330000002,Men,MYS
207,15 to 64,,Malaysia,1995 - 2004,Paid and subsistence work,2003,,Men,MYS
208,15 to 49,Rural,Mali,2005 and later,"Unpaid domestic, care and volunteer work",2008,0.4,Men,MLI
209,15 to 49,Rural,Mali,2005 and later,Paid and subsistence work,2008,5.9,Men,MLI
210,15 to 49,Urban,Mali,2005 and later,"Unpaid domestic, care and volunteer work",2008,0.6,Men,MLI
211,15 to 49,Urban,Mali,2005 and later,Paid and subsistence work,2008,6.2,Men,MLI
212,10+,,Malta,1995 - 2004,"Unpaid domestic, care and volunteer work",2002,2.05,Men,MLT
213,10+,,Malta,1995 - 2004,Paid and subsistence work,2002,3.633333333,Men,MLT
214,10+,,Mauritius,1995 - 2004,"Unpaid domestic, care and volunteer work",2003,1.216666667,Men,MUS
215,10+,,Mauritius,1995 - 2004,Paid and subsistence work,2003,4.933333333,Men,MUS
216,12+,,Mexico,1995 - 2004,"Unpaid domestic, care and volunteer work",2002,1.6333333330000002,Men,MEX
217,12+,,Mexico,1995 - 2004,Paid and subsistence work,2002,5.766666667000001,Men,MEX
218,12+,,Mexico,2005 and later,"Unpaid domestic, care and volunteer work",2014,2.566666667,Men,MEX
219,12+,,Mexico,2005 and later,Paid and subsistence work,2014,6.5,Men,MEX
220,15 to 64,,Mexico,2005 and later,"Unpaid domestic, care and volunteer work",2009,1.8833333330000002,Men,MEX
221,15 to 64,,Mexico,2005 and later,Paid and subsistence work,2009,6.95,Men,MEX
222,15+,,Mexico,2005 and later,"Unpaid domestic, care and volunteer work",2009,2.016666667,Men,MEX
223,15+,,Mexico,2005 and later,Paid and subsistence work,2009,6.3666666670000005,Men,MEX
224,12+,,Mongolia,1995 - 2004,"Unpaid domestic, care and volunteer work",2000,2.233333333,Men,MNG
225,12+,,Mongolia,1995 - 2004,Paid and subsistence work,2000,5.933333332999999,Men,MNG
226,12+,,Mongolia,2005 and later,"Unpaid domestic, care and volunteer work",2011,2.316666667,Men,MNG
227,12+,,Mongolia,2005 and later,"Unpaid domestic, care and volunteer work",2007,2.066666667,Men,MNG
228,12+,,Mongolia,2005 and later,Paid and subsistence work,2011,5.8,Men,MNG
229,12+,,Mongolia,2005 and later,Paid and subsistence work,2007,5.9,Men,MNG
230,15+,,Morocco,1997-98,"Unpaid domestic, care and volunteer work",1997-98,,Men,MAR
231,15+,,Morocco,1997-98,Paid and subsistence work,1997-98,,Men,MAR
232,15+,,Morocco,2005 and later,"Unpaid domestic, care and volunteer work",2011-12,0.716666667,Men,MAR
233,15+,,Morocco,2005 and later,Paid and subsistence work,2011-12,5.416666667,Men,MAR
234,12+,,Netherlands,1995 - 2004,"Unpaid domestic, care and volunteer work",2003,2.15,Men,NLD
235,12+,,Netherlands,1995 - 2004,"Unpaid domestic, care and volunteer work",2001,2.2833333330000003,Men,NLD
236,12+,,Netherlands,1995 - 2004,"Unpaid domestic, care and volunteer work",1999,2.4666666669999997,Men,NLD
237,12+,,Netherlands,1995 - 2004,"Unpaid domestic, care and volunteer work",1997,2.083333333,Men,NLD
238,12+,,Netherlands,1995 - 2004,Paid and subsistence work,2003,3.4666666669999997,Men,NLD
239,12+,,Netherlands,1995 - 2004,Paid and subsistence work,2001,3.7,Men,NLD
240,12+,,Netherlands,1995 - 2004,Paid and subsistence work,1999,3.516666667,Men,NLD
241,12+,,Netherlands,1995 - 2004,Paid and subsistence work,1997,3.35,Men,NLD
242,20 to 74,,Netherlands,2005 and later,"Unpaid domestic, care and volunteer work",2011-12,2.583333333,Men,NLD
243,20 to 74,,Netherlands,2005 and later,"Unpaid domestic, care and volunteer work",2006,2.7166666669999997,Men,NLD
244,20 to 74,,Netherlands,2005 and later,Paid and subsistence work,2011-12,3.766666667,Men,NLD
245,20 to 74,,Netherlands,2005 and later,Paid and subsistence work,2006,3.833333333,Men,NLD
246,12+,,New Zealand,1995 - 2004,"Unpaid domestic, care and volunteer work",1998-99,2.65,Men,NZL
247,12+,,New Zealand,1995 - 2004,Paid and subsistence work,1998-99,4.216666667,Men,NZL
248,12+,,New Zealand,2005 and later,"Unpaid domestic, care and volunteer work",2009-10,2.5333333330000003,Men,NZL
249,12+,,New Zealand,2005 and later,Paid and subsistence work,2009-10,4.216666667,Men,NZL
250,6+,,Nicaragua,1995 - 2004,"Unpaid domestic, care and volunteer work",1998,1.5833333330000001,Men,NIC
251,6+,,Nicaragua,1995 - 2004,Paid and subsistence work,1998,5.566666667000001,Men,NIC
252,16 to 74,,Norway,1995 - 2004,"Unpaid domestic, care and volunteer work",2000-01,2.683333333,Men,NOR
253,16 to 74,,Norway,1995 - 2004,Paid and subsistence work,2000-01,4.566666667,Men,NOR
254,16 to 74,,Norway,2005 and later,"Unpaid domestic, care and volunteer work",2010-11,3.0,Men,NOR
255,16 to 74,,Norway,2005 and later,Paid and subsistence work,2010-11,4.166666667,Men,NOR
256,20 to 74,,Norway,1995 - 2004,"Unpaid domestic, care and volunteer work",2000-01,2.333333333,Men,NOR
257,20 to 74,,Norway,1995 - 2004,Paid and subsistence work,2000-01,4.283333333,Men,NOR
258,20 to 74,,Norway,2005 and later,"Unpaid domestic, care and volunteer work",2010-11,2.366666667,Men,NOR
259,20 to 74,,Norway,2005 and later,Paid and subsistence work,2010-11,4.0,Men,NOR
260,15+,,Oman,1995 - 2004,"Unpaid domestic, care and volunteer work",1999-00,1.766666667,Men,OMN
261,15+,,Oman,1995 - 2004,Paid and subsistence work,1999-00,4.783333333,Men,OMN
262,15+?,,Oman,2005 and later,"Unpaid domestic, care and volunteer work",2007-08,1.9166666669999999,Men,OMN
263,15+?,,Oman,2005 and later,Paid and subsistence work,2007-08,3.116666667,Men,OMN
264,10+,,Pakistan,2005 and later,"Unpaid domestic, care and volunteer work",2007,0.46666666700000003,Men,PAK
265,10+,,Pakistan,2005 and later,Paid and subsistence work,2007,5.35,Men,PAK
266,15+,Urban,Panama,2005 and later,"Unpaid domestic, care and volunteer work",2011,1.8666666669999998,Men,PAN
267,15+,Urban,Panama,2005 and later,Paid and subsistence work,2011,5.4,Men,PAN
268,12+,,Peru,2005 and later,"Unpaid domestic, care and volunteer work",2010,2.166666667,Men,PER
269,12+,,Peru,2005 and later,Paid and subsistence work,2010,6.1166666670000005,Men,PER
270,15+,,Peru,2005 and later,"Unpaid domestic, care and volunteer work",2010,2.116666667,Men,PER
271,15+,,Peru,2005 and later,Paid and subsistence work,2010,6.1,Men,PER
272,15 to 64,,Poland,1995 - 2004,"Unpaid domestic, care and volunteer work",2003-04,2.616666667,Men,POL
273,15 to 64,,Poland,1995 - 2004,Paid and subsistence work,2003-04,4.4,Men,POL
274,15+,,Poland,2005 and later,"Unpaid domestic, care and volunteer work",2013,2.5333333330000003,Men,POL
275,15+,,Poland,2005 and later,Paid and subsistence work,2013,4.166666667,Men,POL
276,20 to 74,,Poland,1995 - 2004,"Unpaid domestic, care and volunteer work",2003-04,2.633333333,Men,POL
277,20 to 74,,Poland,1995 - 2004,Paid and subsistence work,2003-04,4.016666667,Men,POL
278,15 to 64,,Portugal,1995 - 2004,"Unpaid domestic, care and volunteer work",1999,1.6,Men,PRT
279,15 to 64,,Portugal,1995 - 2004,Paid and subsistence work,1999,5.533333333,Men,PRT
280,15+,,Portugal,1995 - 2004,"Unpaid domestic, care and volunteer work",1999,1.283333333,Men,PRT
281,15+,,Portugal,1995 - 2004,Paid and subsistence work,1999,4.483333333,Men,PRT
282,15+,Citizens,Qatar,2005 and later,"Unpaid domestic, care and volunteer work",2012-13,1.8333333330000001,Men,QAT
283,15+,Citizens,Qatar,2005 and later,Paid and subsistence work,2012-13,3.816666667,Men,QAT
284,15+,Non-citizens,Qatar,2005 and later,"Unpaid domestic, care and volunteer work",2012-13,1.266666667,Men,QAT
285,15+,Non-citizens,Qatar,2005 and later,Paid and subsistence work,2012-13,7.516666667000001,Men,QAT
286,10+,,Republic of Korea,1995 - 2004,"Unpaid domestic, care and volunteer work",2004,0.7333333329999999,Men,PRK
287,10+,,Republic of Korea,1995 - 2004,"Unpaid domestic, care and volunteer work",1999,0.6333333329999999,Men,PRK
288,10+,,Republic of Korea,1995 - 2004,Paid and subsistence work,2004,5.233333333,Men,PRK
289,10+,,Republic of Korea,1995 - 2004,Paid and subsistence work,1999,5.483333332999999,Men,PRK
290,10+,,Republic of Korea,2005 and later,"Unpaid domestic, care and volunteer work",2014,0.783333333,Men,PRK
291,10+,,Republic of Korea,2005 and later,"Unpaid domestic, care and volunteer work",2009,0.7666666670000001,Men,PRK
292,10+,,Republic of Korea,2005 and later,Paid and subsistence work,2014,4.133333333,Men,PRK
293,10+,,Republic of Korea,2005 and later,Paid and subsistence work,2009,5.016666667,Men,PRK
294,10+,,Republic of Moldova,2005 and later,"Unpaid domestic, care and volunteer work",2011-12,2.666666667,Men,MDA
295,10+,,Republic of Moldova,2005 and later,Paid and subsistence work,2011-12,3.6,Men,MDA
296,15+,,Réunion,2005 and later,"Unpaid domestic, care and volunteer work",2010,2.4,Men,REU
297,15+,,Réunion,2005 and later,Paid and subsistence work,2010,3.516666667,Men,REU
298,10+,,Romania,1995 - 2004,"Unpaid domestic, care and volunteer work",2000,2.7,Men,ROU
299,10+,,Romania,1995 - 2004,Paid and subsistence work,2000,2.9,Men,ROU
300,10+,,Romania,2005 and later,"Unpaid domestic, care and volunteer work",2011-12,2.083333333,Men,ROU
301,10+,,Romania,2005 and later,Paid and subsistence work,2011-12,2.7166666669999997,Men,ROU
302,20 to 74,,Romania,2005 and later,"Unpaid domestic, care and volunteer work",2011-12,2.233333333,Men,ROU
303,20 to 74,,Romania,2005 and later,Paid and subsistence work,2011-12,3.316666667,Men,ROU
304,15+,,Serbia,2005 and later,"Unpaid domestic, care and volunteer work",2010-11,2.45,Men,SRB
305,15+,,Serbia,2005 and later,Paid and subsistence work,2010-11,3.766666667,Men,SRB
306,20 to 74,,Slovenia,1995 - 2004,"Unpaid domestic, care and volunteer work",2000-01,2.833333333,Men,SVN
307,20 to 74,,Slovenia,1995 - 2004,Paid and subsistence work,2000-01,4.15,Men,SVN
308,10+,,South Africa,1995 - 2004,"Unpaid domestic, care and volunteer work",2000,1.3833333330000002,Men,ZAF
309,10+,,South Africa,1995 - 2004,Paid and subsistence work,2000,3.166666667,Men,ZAF
310,10+,,South Africa,2005 and later,"Unpaid domestic, care and volunteer work",2010,1.6166666669999998,Men,ZAF
311,10+,,South Africa,2005 and later,Paid and subsistence work,2010,3.566666667,Men,ZAF
312,15 to 64,,South Africa,2005 and later,"Unpaid domestic, care and volunteer work",2010,1.533333333,Men,ZAF
313,15 to 64,,South Africa,2005 and later,Paid and subsistence work,2010,4.266666667,Men,ZAF
314,20 to 74,,Spain,1995 - 2004,"Unpaid domestic, care and volunteer work",2002-03,1.5833333330000001,Men,ESP
315,20 to 74,,Spain,1995 - 2004,Paid and subsistence work,2002-03,4.866666667,Men,ESP
316,20 to 74,,Spain,2005 and later,"Unpaid domestic, care and volunteer work",2009-10,2.066666667,Men,ESP
317,20 to 74,,Spain,2005 and later,Paid and subsistence work,2009-10,3.733333333,Men,ESP
318,10+,,State of Palestine,1995 - 2004,"Unpaid domestic, care and volunteer work",1999-00,0.9,Men,PSE
319,10+,,State of Palestine,1995 - 2004,Paid and subsistence work,1999-00,5.116666667,Men,PSE
320,10+,,State of Palestine,2005 and later,"Unpaid domestic, care and volunteer work",2012-13,0.916666667,Men,PSE
321,10+,,State of Palestine,2005 and later,Paid and subsistence work,2012-13,4.15,Men,PSE
322,20 to 64,,Sweden,1995 - 2004,"Unpaid domestic, care and volunteer work",2000-01,2.866666667,Men,SWE
323,20 to 64,,Sweden,1995 - 2004,Paid and subsistence work,2000-01,5.2,Men,SWE
324,20 to 64,,Sweden,2005 and later,"Unpaid domestic, care and volunteer work",2010-11,3.0333333330000003,Men,SWE
325,20 to 64,,Sweden,2005 and later,Paid and subsistence work,2010-11,5.083333333,Men,SWE
326,20 to 74,,Switzerland,1995 - 2004,"Unpaid domestic, care and volunteer work",2004,2.5333333330000003,Men,CHE
327,20 to 74,,Switzerland,1995 - 2004,"Unpaid domestic, care and volunteer work",2000,2.433333333,Men,CHE
328,20 to 74,,Switzerland,1995 - 2004,"Unpaid domestic, care and volunteer work",1997,2.333333333,Men,CHE
329,20 to 74,,Switzerland,1995 - 2004,Paid and subsistence work,2004,4.733333333,Men,CHE
330,20 to 74,,Switzerland,1995 - 2004,Paid and subsistence work,2000,4.933333333,Men,CHE
331,20 to 74,,Switzerland,1995 - 2004,Paid and subsistence work,1997,4.816666667,Men,CHE
332,20 to 74,,Switzerland,2005 and later,"Unpaid domestic, care and volunteer work",2013,2.583333333,Men,CHE
333,20 to 74,,Switzerland,2005 and later,"Unpaid domestic, care and volunteer work",2010,2.416666667,Men,CHE
334,20 to 74,,Switzerland,2005 and later,"Unpaid domestic, care and volunteer work",2007,2.7,Men,CHE
335,20 to 74,,Switzerland,2005 and later,Paid and subsistence work,2013,4.416666667,Men,CHE
336,20 to 74,,Switzerland,2005 and later,Paid and subsistence work,2010,4.583333333,Men,CHE
337,20 to 74,,Switzerland,2005 and later,Paid and subsistence work,2007,4.733333333,Men,CHE
338,10+,,Thailand,2005 and later,"Unpaid domestic, care and volunteer work",2009,0.9,Men,THA
339,10+,,Thailand,2005 and later,Paid and subsistence work,2009,5.9,Men,THA
340,10+,,Macedonia,2005 and later,"Unpaid domestic, care and volunteer work",2009,1.333333333,Men,MKD
341,10+,,Macedonia,2005 and later,Paid and subsistence work,2009,3.383333333,Men,MKD
342,20 to 74,,Macedonia,1995 - 2004,"Unpaid domestic, care and volunteer work",2004,1.95,Men,MKD
343,20 to 74,,Macedonia,1995 - 2004,Paid and subsistence work,2004,4.3,Men,MKD
344,20 to 74,,Macedonia,2005 and later,"Unpaid domestic, care and volunteer work",2009,1.516666667,Men,MKD
345,20 to 74,,Macedonia,2005 and later,Paid and subsistence work,2009,4.116666667,Men,MKD
346,15+,,Tunisia,2005 and later,"Unpaid domestic, care and volunteer work",2005-06,0.716666667,Men,TUN
347,15+,,Tunisia,2005 and later,Paid and subsistence work,2005-06,4.95,Men,TUN
348,15+,,Turkey,2005 and later,"Unpaid domestic, care and volunteer work",2014-15,1.516666667,Men,TUR
349,15+,,Turkey,2005 and later,"Unpaid domestic, care and volunteer work",2006,1.466666667,Men,TUR
350,15+,,Turkey,2005 and later,Paid and subsistence work,2014-15,4.4,Men,TUR
351,15+,,Turkey,2005 and later,Paid and subsistence work,2006,4.45,Men,TUR
352,20 to 74,,Turkey,2005 and later,"Unpaid domestic, care and volunteer work",2006,0.85,Men,TUR
353,20 to 74,,Turkey,2005 and later,Paid and subsistence work,2006,4.45,Men,TUR
354,16+,,United Kingdom of Great Britain and Northern Ireland,1995 - 2004,"Unpaid domestic, care and volunteer work",2000-01,2.55,Men,GBR
355,16+,,United Kingdom of Great Britain and Northern Ireland,1995 - 2004,Paid and subsistence work,2000-01,3.766666667,Men,GBR
356,16+,,United Kingdom of Great Britain and Northern Ireland,2005 and later,"Unpaid domestic, care and volunteer work",2005,2.183333333,Men,GBR
357,16+,,United Kingdom of Great Britain and Northern Ireland,2005 and later,Paid and subsistence work,2005,3.516666667,Men,GBR
358,20 to 74,,United Kingdom of Great Britain and Northern Ireland,2005 and later,"Unpaid domestic, care and volunteer work",2005,1.9333333330000002,Men,GBR
359,20 to 74,,United Kingdom of Great Britain and Northern Ireland,2005 and later,Paid and subsistence work,2005,3.516666667,Men,GBR
360,5+,,United Republic of Tanzania,2005 and later,"Unpaid domestic, care and volunteer work",2014,1.066666667,Men,TZA
361,5+,,United Republic of Tanzania,2005 and later,"Unpaid domestic, care and volunteer work",2006,1.2,Men,TZA
362,5+,,United Republic of Tanzania,2005 and later,Paid and subsistence work,2014,5.7,Men,TZA
363,5+,,United Republic of Tanzania,2005 and later,Paid and subsistence work,2006,4.6,Men,TZA
364,15+,,United Republic of Tanzania,2005 and later,"Unpaid domestic, care and volunteer work",2006,1.266666667,Men,TZA
365,15+,,United Republic of Tanzania,2005 and later,Paid and subsistence work,2006,5.733333332999999,Men,TZA
366,15+,,United States of America,1995 - 2004,"Unpaid domestic, care and volunteer work",2004,2.7166666669999997,Men,USA
367,15+,,United States of America,1995 - 2004,"Unpaid domestic, care and volunteer work",2003,2.75,Men,USA
368,15+,,United States of America,1995 - 2004,Paid and subsistence work,2004,4.416666667,Men,USA
369,15+,,United States of America,1995 - 2004,Paid and subsistence work,2003,4.566666667,Men,USA
370,15+,,United States of America,2005 and later,"Unpaid domestic, care and volunteer work",2014,2.6,Men,USA
371,15+,,United States of America,2005 and later,"Unpaid domestic, care and volunteer work",2013,2.633333333,Men,USA
372,15+,,United States of America,2005 and later,"Unpaid domestic, care and volunteer work",2012,2.516666667,Men,USA
373,15+,,United States of America,2005 and later,"Unpaid domestic, care and volunteer work",2011,2.65,Men,USA
374,15+,,United States of America,2005 and later,"Unpaid domestic, care and volunteer work",2010,2.7,Men,USA
375,15+,,United States of America,2005 and later,"Unpaid domestic, care and volunteer work",2009,2.683333333,Men,USA
376,15+,,United States of America,2005 and later,"Unpaid domestic, care and volunteer work",2008,2.583333333,Men,USA
377,15+,,United States of America,2005 and later,"Unpaid domestic, care and volunteer work",2007,2.683333333,Men,USA
378,15+,,United States of America,2005 and later,"Unpaid domestic, care and volunteer work",2006,2.616666667,Men,USA
379,15+,,United States of America,2005 and later,"Unpaid domestic, care and volunteer work",2005,2.683333333,Men,USA
380,15+,,United States of America,2005 and later,Paid and subsistence work,2014,4.283333333,Men,USA
381,15+,,United States of America,2005 and later,Paid and subsistence work,2013,4.2,Men,USA
382,15+,,United States of America,2005 and later,Paid and subsistence work,2012,4.166666667,Men,USA
383,15+,,United States of America,2005 and later,Paid and subsistence work,2011,4.216666667,Men,USA
384,15+,,United States of America,2005 and later,Paid and subsistence work,2010,4.083333333,Men,USA
385,15+,,United States of America,2005 and later,Paid and subsistence work,2009,4.266666667,Men,USA
386,15+,,United States of America,2005 and later,Paid and subsistence work,2008,4.533333333,Men,USA
387,15+,,United States of America,2005 and later,Paid and subsistence work,2007,4.533333333,Men,USA
388,15+,,United States of America,2005 and later,Paid and subsistence work,2006,4.533333333,Men,USA
389,15+,,United States of America,2005 and later,Paid and subsistence work,2005,4.45,Men,USA
390,15+,,United States of America,2015,"Unpaid domestic, care and volunteer work",2015,2.633333333,Men,USA
391,15+,,United States of America,2015,Paid and subsistence work,2015,4.166666667,Men,USA
392,14+,,Uruguay,2005 and later,"Unpaid domestic, care and volunteer work",2013,2.2166666669999997,Men,URY
393,14+,,Uruguay,2005 and later,"Unpaid domestic, care and volunteer work",2007,1.9166666669999999,Men,URY
394,14+,,Uruguay,2005 and later,Paid and subsistence work,2013,4.75,Men,URY
395,14+,,Uruguay,2005 and later,Paid and subsistence work,2007,4.933333333,Men,URY
396,15+,,Uruguay,2005 and later,"Unpaid domestic, care and volunteer work",2007,2.333333333,Men,URY
397,15+,,Uruguay,2005 and later,Paid and subsistence work,2007,4.933333333,Men,URY
398,10+,,Albania,2005 and later,"Unpaid domestic, care and volunteer work",2010-11,5.216666667,Women,ALB
399,10+,,Albania,2005 and later,Paid and subsistence work,2010-11,1.9333333330000002,Women,ALB
400,12+,,Algeria,2005 and later,"Unpaid domestic, care and volunteer work",2012,5.3,Women,DZA
401,12+,,Algeria,2005 and later,Paid and subsistence work,2012,0.5,Women,DZA
402,15 to 74,,Argentina,2005 and later,"Unpaid domestic, care and volunteer work",2005,4.016666667,Women,ARG
403,15 to 74,,Argentina,2005 and later,Paid and subsistence work,2005,2.75,Women,ARG
404,18+,,Argentina,2005 and later,"Unpaid domestic, care and volunteer work",2013,5.816666667000001,Women,ARG
405,18+,,Argentina,2005 and later,Paid and subsistence work,2013,,Women,ARG
406,15 to 80,,Armenia,1995 - 2004,"Unpaid domestic, care and volunteer work",2004,5.766666667000001,Women,ARM
407,15 to 80,,Armenia,1995 - 2004,Paid and subsistence work,2004,1.733333333,Women,ARM
408,15 to 80,,Armenia,2005 and later,"Unpaid domestic, care and volunteer work",2008,5.2,Women,ARM
409,15 to 80,,Armenia,2005 and later,Paid and subsistence work,2008,1.6833333330000002,Women,ARM
410,15+,,Australia,1985 - 1994,"Unpaid domestic, care and volunteer work",1992,5.1,Women,AUS
411,15+,,Australia,1985 - 1994,Paid and subsistence work,1992,2.1,Women,AUS
412,15+,,Australia,1995 - 2004,"Unpaid domestic, care and volunteer work",1997,5.05,Women,AUS
413,15+,,Australia,1995 - 2004,Paid and subsistence work,1997,2.2,Women,AUS
414,15+,,Australia,2005 and later,"Unpaid domestic, care and volunteer work",2006,5.216666667,Women,AUS
415,15+,,Australia,2005 and later,Paid and subsistence work,2006,2.35,Women,AUS
416,20 to 74,,Austria,1985 - 1994,"Unpaid domestic, care and volunteer work",1992,5.266666667,Women,AUT
417,20 to 74,,Austria,1985 - 1994,Paid and subsistence work,1992,2.233333333,Women,AUT
418,20 to 74,,Austria,2005 and later,"Unpaid domestic, care and volunteer work",2008-09,4.066666667,Women,AUT
419,20 to 74,,Austria,2005 and later,Paid and subsistence work,2008-09,2.433333333,Women,AUT
420,15+,,Azerbaijan,2005 and later,"Unpaid domestic, care and volunteer work",2008,6.1,Women,AZE
421,15+,,Azerbaijan,2005 and later,Paid and subsistence work,2008,1.733333333,Women,AZE
422,10+,,Belarus,2005 and later,"Unpaid domestic, care and volunteer work",2014-15,4.866666667,Women,BLR
423,10+,,Belarus,2005 and later,Paid and subsistence work,2014-15,3.2,Women,BLR
424,12+,,Belgium,1998-00,"Unpaid domestic, care and volunteer work",1998-00,3.983333333,Women,BEL
425,12+,,Belgium,1998-00,Paid and subsistence work,1998-00,1.6,Women,BEL
426,12+,,Belgium,2005 and later,"Unpaid domestic, care and volunteer work",2013,3.916666667,Women,BEL
427,12+,,Belgium,2005 and later,"Unpaid domestic, care and volunteer work",2005,3.7166666669999997,Women,BEL
428,12+,,Belgium,2005 and later,Paid and subsistence work,2013,1.8666666669999998,Women,BEL
429,12+,,Belgium,2005 and later,Paid and subsistence work,2005,1.5833333330000001,Women,BEL
430,15 to 84,,Belgium,2005 and later,"Unpaid domestic, care and volunteer work",2005,4.183333333,Women,BEL
431,15 to 84,,Belgium,2005 and later,Paid and subsistence work,2005,2.133333333,Women,BEL
432,19 to 65,,Belgium,1998-00,"Unpaid domestic, care and volunteer work",1998-00,4.483333333,Women,BEL
433,19 to 65,,Belgium,1998-00,Paid and subsistence work,1998-00,2.2166666669999997,Women,BEL
434,19 to 65,,Belgium,2005 and later,"Unpaid domestic, care and volunteer work",2005,4.233333333,Women,BEL
435,19 to 65,,Belgium,2005 and later,Paid and subsistence work,2005,2.2,Women,BEL
436,19 to 65,,Belgium,Up to 1984,"Unpaid domestic, care and volunteer work",1966,5.5,Women,BEL
437,19 to 65,,Belgium,Up to 1984,Paid and subsistence work,1966,2.333333333,Women,BEL
438,6 to 65,Rural,Benin,1995 - 2004,"Unpaid domestic, care and volunteer work",1998,3.25,Women,BEN
439,6 to 65,Rural,Benin,1995 - 2004,Paid and subsistence work,1998,5.083333333,Women,BEN
440,6 to 65,Urban,Benin,1995 - 2004,"Unpaid domestic, care and volunteer work",1998,3.25,Women,BEN
441,6 to 65,Urban,Benin,1995 - 2004,Paid and subsistence work,1998,3.916666667,Women,BEN
442,Unknown age,,Bhutan,2006-07,"Unpaid domestic, care and volunteer work",2006-07,3.416666667,Women,BTN
443,Unknown age,,Bhutan,2006-07,Paid and subsistence work,2006-07,5.0,Women,BTN
444,20 to 59,Urban,Bolivia (Plurinational State of),1995 - 2004,"Unpaid domestic, care and volunteer work",2001,5.0,Women,BOL
445,20 to 59,Urban,Bolivia (Plurinational State of),1995 - 2004,Paid and subsistence work,2001,3.733333333,Women,BOL
446,10+,,Brazil,2005 and later,"Unpaid domestic, care and volunteer work",2009,4.233333333,Women,BRA
447,10+,,Brazil,2005 and later,Paid and subsistence work,2009,2.75,Women,BRA
448,15+,,Brazil,2005 and later,"Unpaid domestic, care and volunteer work",2012,3.2,Women,BRA
449,15+,,Brazil,2005 and later,Paid and subsistence work,2012,2.75,Women,BRA
450,20 to 74,,Bulgaria,1995 - 2004,"Unpaid domestic, care and volunteer work",2001-02,5.016666667,Women,BGR
451,20 to 74,,Bulgaria,1995 - 2004,Paid and subsistence work,2001-02,2.85,Women,BGR
452,20 to 74,,Bulgaria,2005 and later,"Unpaid domestic, care and volunteer work",2009-10,4.433333333,Women,BGR
453,20 to 74,,Bulgaria,2005 and later,Paid and subsistence work,2009-10,2.2833333330000003,Women,BGR
454,15 to 64,,Cambodia,1995 - 2004,"Unpaid domestic, care and volunteer work",2003-04,3.0,Women,KHM
455,15 to 64,,Cambodia,1995 - 2004,Paid and subsistence work,2003-04,4.5,Women,KHM
456,15+,,Canada,1995 - 2004,"Unpaid domestic, care and volunteer work",1998,4.416666667,Women,CAN
457,15+,,Canada,1995 - 2004,Paid and subsistence work,1998,2.7833333330000003,Women,CAN
458,15+,,Canada,2005 and later,"Unpaid domestic, care and volunteer work",2010,4.283333333,Women,CAN
459,15+,,Canada,2005 and later,"Unpaid domestic, care and volunteer work",2005,4.2,Women,CAN
460,15+,,Canada,2005 and later,Paid and subsistence work,2010,3.0,Women,CAN
461,15+,,Canada,2005 and later,Paid and subsistence work,2005,3.1,Women,CAN
462,12+,,Chile,2015,"Unpaid domestic, care and volunteer work",2015,5.8,Women,CHL
463,12+,,Chile,2015,Paid and subsistence work,2015,2.666666667,Women,CHL
464,15+,,Chile,2005 and later,"Unpaid domestic, care and volunteer work",2007-08,3.9,Women,CHL
465,15+,,Chile,2005 and later,Paid and subsistence work,2007-08,2.483333333,Women,CHL
466,15 to 74,,China,2005 and later,"Unpaid domestic, care and volunteer work",2008,3.9,Women,CHN
467,15 to 74,,China,2005 and later,Paid and subsistence work,2008,4.383333333,Women,CHN
468,15+,,HK,1995 - 2004,"Unpaid domestic, care and volunteer work",2001-02,3.3,Women,HKG
469,15+,,HK,1995 - 2004,Paid and subsistence work,2001-02,3.6,Women,HKG
470,15+,,HK,2005 and later,"Unpaid domestic, care and volunteer work",2013,2.7,Women,HKG
471,15+,,HK,2005 and later,Paid and subsistence work,2013,2.8,Women,HKG
472,15+,,Colombia,2005 and later,"Unpaid domestic, care and volunteer work",2012,4.35,Women,COL
473,15+,,Colombia,2005 and later,Paid and subsistence work,2012,2.816666667,Women,COL
474,12+,,Costa Rica,1995 - 2004,"Unpaid domestic, care and volunteer work",2004,5.366666667,Women,CRI
475,12+,,Costa Rica,1995 - 2004,Paid and subsistence work,2004,1.95,Women,CRI
476,12+,Metropolitan area,Costa Rica,2005 and later,"Unpaid domestic, care and volunteer work",2011,5.566666667000001,Women,CRI
477,12+,Metropolitan area,Costa Rica,2005 and later,Paid and subsistence work,2011,2.75,Women,CRI
478,15+,Metropolitan area,Costa Rica,2005 and later,"Unpaid domestic, care and volunteer work",2011,4.516666667,Women,CRI
479,15+,Metropolitan area,Costa Rica,2005 and later,Paid and subsistence work,2011,2.066666667,Women,CRI
480,15+,Bayamo,Cuba,1995 - 2004,"Unpaid domestic, care and volunteer work",2001,4.65,Women,CUB
481,15+,Bayamo,Cuba,1995 - 2004,Paid and subsistence work,2001,2.683333333,Women,CUB
482,15+,Guisa,Cuba,1995 - 2004,"Unpaid domestic, care and volunteer work",2001,5.25,Women,CUB
483,15+,Guisa,Cuba,1995 - 2004,Paid and subsistence work,2001,2.166666667,Women,CUB
484,15+,Habana Vieja,Cuba,1995 - 2004,"Unpaid domestic, care and volunteer work",2001,3.916666667,Women,CUB
485,15+,Habana Vieja,Cuba,1995 - 2004,Paid and subsistence work,2001,3.733333333,Women,CUB
486,15+,Pina del Rio,Cuba,1995 - 2004,"Unpaid domestic, care and volunteer work",2001,3.883333333,Women,CUB
487,15+,Pina del Rio,Cuba,1995 - 2004,Paid and subsistence work,2001,3.2166666669999997,Women,CUB
488,15+,San Juan y Martinez,Cuba,1995 - 2004,"Unpaid domestic, care and volunteer work",2001,4.566666667,Women,CUB
489,15+,San Juan y Martinez,Cuba,1995 - 2004,Paid and subsistence work,2001,3.6,Women,CUB
490,16 to 74,,Denmark,1985 - 1994,"Unpaid domestic, care and volunteer work",1987,3.05,Women,DNK
491,16 to 74,,Denmark,1985 - 1994,Paid and subsistence work,1987,3.3,Women,DNK
492,16 to 74,,Denmark,1995 - 2004,"Unpaid domestic, care and volunteer work",2001,3.5,Women,DNK
493,16 to 74,,Denmark,1995 - 2004,Paid and subsistence work,2001,3.883333333,Women,DNK
494,20 to 74,,Denmark,2005 and later,"Unpaid domestic, care and volunteer work",2008-09,3.75,Women,DNK
495,20 to 74,,Denmark,2005 and later,Paid and subsistence work,2008-09,2.25,Women,DNK
496,12+,,Ecuador,2005 and later,"Unpaid domestic, care and volunteer work",2012,4.366666667,Women,ECU
497,12+,,Ecuador,2005 and later,Paid and subsistence work,2012,2.7,Women,ECU
498,10+,,Estonia,1995 - 2004,"Unpaid domestic, care and volunteer work",1999-00,5.033333333,Women,EST
499,10+,,Estonia,1995 - 2004,Paid and subsistence work,1999-00,2.7833333330000003,Women,EST
500,10+,,Estonia,2005 and later,"Unpaid domestic, care and volunteer work",2009-10,4.35,Women,EST
501,10+,,Estonia,2005 and later,Paid and subsistence work,2009-10,2.683333333,Women,EST
502,10+,,Ethiopia,2005 and later,"Unpaid domestic, care and volunteer work",2013,4.85,Women,ETH
503,10+,,Ethiopia,2005 and later,Paid and subsistence work,2013,3.316666667,Women,ETH
504,18+,,Ethiopia,2005 and later,"Unpaid domestic, care and volunteer work",2013,5.3,Women,ETH
505,18+,,Ethiopia,2005 and later,Paid and subsistence work,2013,3.433333333,Women,ETH
506,10+,,Finland,1995 - 2004,"Unpaid domestic, care and volunteer work",1999-00,3.6,Women,FIN
507,10+,,Finland,1995 - 2004,Paid and subsistence work,1999-00,3.05,Women,FIN
508,10+,,Finland,2005 and later,"Unpaid domestic, care and volunteer work",2009-10,3.416666667,Women,FIN
509,10+,,Finland,2005 and later,Paid and subsistence work,2009-10,2.7,Women,FIN
510,10+,,Finland,Up to 1984,"Unpaid domestic, care and volunteer work",1979,3.65,Women,FIN
511,10+,,Finland,Up to 1984,Paid and subsistence work,1979,3.116666667,Women,FIN
512,20 to 74,,Finland,1995 - 2004,"Unpaid domestic, care and volunteer work",1999-00,3.933333333,Women,FIN
513,20 to 74,,Finland,1995 - 2004,Paid and subsistence work,1999-00,2.55,Women,FIN
514,20 to 74,,Finland,2005 and later,"Unpaid domestic, care and volunteer work",2009-10,3.733333333,Women,FIN
515,20 to 74,,Finland,2005 and later,Paid and subsistence work,2009-10,2.4666666669999997,Women,FIN
516,15 to 60,,France,1995 - 2004,"Unpaid domestic, care and volunteer work",1998-99,4.6,Women,FRA
517,15 to 60,,France,1995 - 2004,Paid and subsistence work,1998-99,3.45,Women,FRA
518,15 to 60,,France,2005 and later,"Unpaid domestic, care and volunteer work",2009-10,4.016666667,Women,FRA
519,15 to 60,,France,2005 and later,Paid and subsistence work,2009-10,3.516666667,Women,FRA
520,15+,,France,2005 and later,"Unpaid domestic, care and volunteer work",2009-10,3.866666667,Women,FRA
521,15+,,France,2005 and later,Paid and subsistence work,2009-10,2.2166666669999997,Women,FRA
522,20 to 74,,France,1995 - 2004,"Unpaid domestic, care and volunteer work",1998-99,4.533333333,Women,FRA
523,20 to 74,,France,1995 - 2004,Paid and subsistence work,1998-99,2.55,Women,FRA
524,20 to 74,,France,2005 and later,"Unpaid domestic, care and volunteer work",2009-10,3.933333333,Women,FRA
525,20 to 74,,France,2005 and later,Paid and subsistence work,2009-10,2.666666667,Women,FRA
526,10+,,Germany,1995 - 2004,"Unpaid domestic, care and volunteer work",2001-02,4.383333333,Women,DEU
527,10+,,Germany,1995 - 2004,Paid and subsistence work,2001-02,2.15,Women,DEU
528,10+,,Germany,2005 and later,"Unpaid domestic, care and volunteer work",2012-13,4.166666667,Women,DEU
529,10+,,Germany,2005 and later,Paid and subsistence work,2012-13,2.15,Women,DEU
530,20 to 74,,Germany,1995 - 2004,"Unpaid domestic, care and volunteer work",2001-02,4.383333333,Women,DEU
531,20 to 74,,Germany,1995 - 2004,Paid and subsistence work,2001-02,2.15,Women,DEU
532,10+,,Ghana,2005 and later,"Unpaid domestic, care and volunteer work",2009,3.666666667,Women,GHA
533,10+,,Ghana,2005 and later,Paid and subsistence work,2009,3.833333333,Women,GHA
534,18+,,Ghana,2005 and later,"Unpaid domestic, care and volunteer work",2009,3.7166666669999997,Women,GHA
535,18+,,Ghana,2005 and later,Paid and subsistence work,2009,4.883333333,Women,GHA
536,10+,,Greece,2005 and later,"Unpaid domestic, care and volunteer work",2013-14,4.35,Women,GRC
537,10+,,Greece,2005 and later,Paid and subsistence work,2013-14,1.3,Women,GRC
538,20 to 74,,Greece,2005 and later,"Unpaid domestic, care and volunteer work",2013-14,4.9,Women,GRC
539,20 to 74,,Greece,2005 and later,Paid and subsistence work,2013-14,1.6833333330000002,Women,GRC
540,15 to 59,,Guatemala,2005 and later,"Unpaid domestic, care and volunteer work",2006,6.183333332999999,Women,GTM
541,15 to 59,,Guatemala,2005 and later,Paid and subsistence work,2006,3.166666667,Women,GTM
542,15+,,Guatemala,2005 and later,"Unpaid domestic, care and volunteer work",2011,6.583333333,Women,GTM
543,15+,,Guatemala,2005 and later,Paid and subsistence work,2011,2.066666667,Women,GTM
544,15+,,Honduras,2005 and later,"Unpaid domestic, care and volunteer work",2009,3.25,Women,HND
545,15+,,Honduras,2005 and later,Paid and subsistence work,2009,1.9,Women,HND
546,15 to 74,,Hungary,1995 - 2004,"Unpaid domestic, care and volunteer work",1999-00,4.683333333,Women,HUN
547,15 to 74,,Hungary,1995 - 2004,Paid and subsistence work,1999-00,2.166666667,Women,HUN
548,20 to 74,,Hungary,2005 and later,"Unpaid domestic, care and volunteer work",2009-10,4.75,Women,HUN
549,20 to 74,,Hungary,2005 and later,Paid and subsistence work,2009-10,2.2,Women,HUN
550,6+,,India,1995 - 2004,"Unpaid domestic, care and volunteer work",1998-99,4.35,Women,IOT
551,6+,,India,1995 - 2004,Paid and subsistence work,1998-99,3.016666667,Women,IOT
552,15+,,Iran (Islamic Republic of),2005 and later,"Unpaid domestic, care and volunteer work",2008-09,5.083333333,Women,IRN
553,15+,,Iran (Islamic Republic of),2005 and later,Paid and subsistence work,2008-09,0.683333333,Women,IRN
554,10+,,Iraq,2005 and later,"Unpaid domestic, care and volunteer work",2007,5.783333333,Women,IRQ
555,10+,,Iraq,2005 and later,Paid and subsistence work,2007,0.46666666700000003,Women,IRQ
556,15 to 64,,Ireland,2005 and later,"Unpaid domestic, care and volunteer work",2005,4.933333333,Women,IRL
557,15 to 64,,Ireland,2005 and later,Paid and subsistence work,2005,2.7,Women,IRL
558,15+,,Italy,1995 - 2004,"Unpaid domestic, care and volunteer work",2002-03,5.316666667,Women,ITA
559,15+,,Italy,1995 - 2004,Paid and subsistence work,2002-03,1.8,Women,ITA
560,15+,,Italy,2005 and later,"Unpaid domestic, care and volunteer work",2008-09,5.083333333,Women,ITA
561,15+,,Italy,2005 and later,Paid and subsistence work,2008-09,1.983333333,Women,ITA
562,10+,,Japan,1995 - 2004,"Unpaid domestic, care and volunteer work",2001,3.65,Women,JPN
563,10+,,Japan,1995 - 2004,Paid and subsistence work,2001,2.816666667,Women,JPN
564,10+,,Japan,2005 and later,"Unpaid domestic, care and volunteer work",2011,3.65,Women,JPN
565,10+,,Japan,2005 and later,"Unpaid domestic, care and volunteer work",2006,3.666666667,Women,JPN
566,10+,,Japan,2005 and later,Paid and subsistence work,2011,2.766666667,Women,JPN
567,10+,,Japan,2005 and later,Paid and subsistence work,2006,2.9,Women,JPN
568,10+,,Kazakhstan,2005 and later,"Unpaid domestic, care and volunteer work",2012,4.166666667,Women,KAZ
569,10+,,Kazakhstan,2005 and later,Paid and subsistence work,2012,2.516666667,Women,KAZ
570,20 to 74,,Kazakhstan,1995 - 2004,"Unpaid domestic, care and volunteer work",2003,6.833333333,Women,KAZ
571,20 to 74,,Kazakhstan,1995 - 2004,"Unpaid domestic, care and volunteer work",2000,6.65,Women,KAZ
572,20 to 74,,Kazakhstan,1995 - 2004,Paid and subsistence work,2003,3.833333333,Women,KAZ
573,20 to 74,,Kazakhstan,1995 - 2004,Paid and subsistence work,2000,3.566666667,Women,KAZ
574,20 to 74,,Kazakhstan,2005 and later,"Unpaid domestic, care and volunteer work",2006,6.266666667000001,Women,KAZ
575,20 to 74,,Kazakhstan,2005 and later,Paid and subsistence work,2006,3.516666667,Women,KAZ
576,12+,,Kyrgyzstan,2005 and later,"Unpaid domestic, care and volunteer work",2010,4.583333333,Women,KGZ
577,12+,,Kyrgyzstan,2005 and later,Paid and subsistence work,2010,2.7166666669999997,Women,KGZ
578,12+,,Kyrgyzstan,2015,"Unpaid domestic, care and volunteer work",2015,4.116666667,Women,KGZ
579,12+,,Kyrgyzstan,2015,Paid and subsistence work,2015,2.016666667,Women,KGZ
580,20 to 74,,Kyrgyzstan,1995 - 2004,"Unpaid domestic, care and volunteer work",2000,6.65,Women,KGZ
581,20 to 74,,Kyrgyzstan,1995 - 2004,Paid and subsistence work,2000,3.583333333,Women,KGZ
582,20 to 74,,Kyrgyzstan,2005 and later,"Unpaid domestic, care and volunteer work",2005,5.7,Women,KGZ
583,20 to 74,,Kyrgyzstan,2005 and later,Paid and subsistence work,2005,3.516666667,Women,KGZ
584,10+,,Lao People's Democratic Republic,1995 - 2004,"Unpaid domestic, care and volunteer work",2002-03,2.5,Women,LAO
585,10+,,Lao People's Democratic Republic,1995 - 2004,Paid and subsistence work,2002-03,4.5,Women,LAO
586,10+,,Lao People's Democratic Republic,2005 and later,"Unpaid domestic, care and volunteer work",2007-08,2.4,Women,LAO
587,10+,,Lao People's Democratic Republic,2005 and later,Paid and subsistence work,2007-08,4.0,Women,LAO
588,Unknown age,,Lao People's Democratic Republic,2005 and later,"Unpaid domestic, care and volunteer work",2012-13,2.5,Women,LAO
589,Unknown age,,Lao People's Democratic Republic,2005 and later,Paid and subsistence work,2012-13,3.9,Women,LAO
590,20 to 74,,Latvia,1995 - 2004,"Unpaid domestic, care and volunteer work",2003,3.933333333,Women,LVA
591,20 to 74,,Latvia,1995 - 2004,Paid and subsistence work,2003,3.883333333,Women,LVA
592,15+,,Lesotho,1995 - 2004,"Unpaid domestic, care and volunteer work",2002-03,3.733333333,Women,LSO
593,15+,,Lesotho,1995 - 2004,Paid and subsistence work,2002-03,2.7166666669999997,Women,LSO
594,20 to 74,,Lithuania,1995 - 2004,"Unpaid domestic, care and volunteer work",2003,4.666666667,Women,LTU
595,20 to 74,,Lithuania,1995 - 2004,Paid and subsistence work,2003,3.85,Women,LTU
596,10 to 74,,Luxembourg,2005 and later,"Unpaid domestic, care and volunteer work",2014,3.666666667,Women,LUX
597,10 to 74,,Luxembourg,2005 and later,Paid and subsistence work,2014,2.75,Women,LUX
598,6 to 65,Rural,Madagascar,1995 - 2004,"Unpaid domestic, care and volunteer work",2001,3.5,Women,MDG
599,6 to 65,Rural,Madagascar,1995 - 2004,Paid and subsistence work,2001,4.0,Women,MDG
600,6 to 65,Urban,Madagascar,1995 - 2004,"Unpaid domestic, care and volunteer work",2001,3.75,Women,MDG
601,6 to 65,Urban,Madagascar,1995 - 2004,Paid and subsistence work,2001,2.916666667,Women,MDG
602,15+,,Malawi,2004-05,"Unpaid domestic, care and volunteer work",2004-05,2.083333333,Women,MWI
603,15+,,Malawi,2004-05,Paid and subsistence work,2004-05,3.883333333,Women,MWI
604,15 to 64,,Malaysia,1995 - 2004,"Unpaid domestic, care and volunteer work",2003,4.583333333,Women,MYS
605,15 to 64,,Malaysia,1995 - 2004,Paid and subsistence work,2003,,Women,MYS
606,15 to 49,Rural,Mali,2005 and later,"Unpaid domestic, care and volunteer work",2008,5.3,Women,MLI
607,15 to 49,Rural,Mali,2005 and later,Paid and subsistence work,2008,4.8,Women,MLI
608,15 to 49,Urban,Mali,2005 and later,"Unpaid domestic, care and volunteer work",2008,4.9,Women,MLI
609,15 to 49,Urban,Mali,2005 and later,Paid and subsistence work,2008,3.8,Women,MLI
610,10+,,Malta,1995 - 2004,"Unpaid domestic, care and volunteer work",2002,5.016666667,Women,MLT
611,10+,,Malta,1995 - 2004,Paid and subsistence work,2002,1.35,Women,MLT
612,10+,,Mauritius,1995 - 2004,"Unpaid domestic, care and volunteer work",2003,4.616666667,Women,MUS
613,10+,,Mauritius,1995 - 2004,Paid and subsistence work,2003,1.9333333330000002,Women,MUS
614,12+,,Mexico,1995 - 2004,"Unpaid domestic, care and volunteer work",2002,6.916666667,Women,MEX
615,12+,,Mexico,1995 - 2004,Paid and subsistence work,2002,2.0333333330000003,Women,MEX
616,12+,,Mexico,2005 and later,"Unpaid domestic, care and volunteer work",2014,7.033333333,Women,MEX
617,12+,,Mexico,2005 and later,Paid and subsistence work,2014,2.916666667,Women,MEX
618,15 to 64,,Mexico,2005 and later,"Unpaid domestic, care and volunteer work",2009,6.216666667,Women,MEX
619,15 to 64,,Mexico,2005 and later,Paid and subsistence work,2009,3.083333333,Women,MEX
620,15+,,Mexico,2005 and later,"Unpaid domestic, care and volunteer work",2009,6.6333333329999995,Women,MEX
621,15+,,Mexico,2005 and later,Paid and subsistence work,2009,2.766666667,Women,MEX
622,12+,,Mongolia,1995 - 2004,"Unpaid domestic, care and volunteer work",2000,4.883333333,Women,MNG
623,12+,,Mongolia,1995 - 2004,Paid and subsistence work,2000,4.1,Women,MNG
624,12+,,Mongolia,2005 and later,"Unpaid domestic, care and volunteer work",2011,4.833333333,Women,MNG
625,12+,,Mongolia,2005 and later,"Unpaid domestic, care and volunteer work",2007,4.8,Women,MNG
626,12+,,Mongolia,2005 and later,Paid and subsistence work,2011,3.9666666669999997,Women,MNG
627,12+,,Mongolia,2005 and later,Paid and subsistence work,2007,4.05,Women,MNG
628,15+,,Morocco,1997-98,"Unpaid domestic, care and volunteer work",1997-98,5.283333333,Women,MAR
629,15+,,Morocco,1997-98,Paid and subsistence work,1997-98,1.466666667,Women,MAR
630,15+,,Morocco,2005 and later,"Unpaid domestic, care and volunteer work",2011-12,5.0,Women,MAR
631,15+,,Morocco,2005 and later,Paid and subsistence work,2011-12,1.35,Women,MAR
632,12+,,Netherlands,1995 - 2004,"Unpaid domestic, care and volunteer work",2003,3.833333333,Women,NLD
633,12+,,Netherlands,1995 - 2004,"Unpaid domestic, care and volunteer work",2001,3.816666667,Women,NLD
634,12+,,Netherlands,1995 - 2004,"Unpaid domestic, care and volunteer work",1999,4.133333333,Women,NLD
635,12+,,Netherlands,1995 - 2004,"Unpaid domestic, care and volunteer work",1997,3.2166666669999997,Women,NLD
636,12+,,Netherlands,1995 - 2004,Paid and subsistence work,2003,1.8833333330000002,Women,NLD
637,12+,,Netherlands,1995 - 2004,Paid and subsistence work,2001,1.9,Women,NLD
638,12+,,Netherlands,1995 - 2004,Paid and subsistence work,1999,1.783333333,Women,NLD
639,12+,,Netherlands,1995 - 2004,Paid and subsistence work,1997,1.533333333,Women,NLD
640,20 to 74,,Netherlands,2005 and later,"Unpaid domestic, care and volunteer work",2011-12,3.816666667,Women,NLD
641,20 to 74,,Netherlands,2005 and later,"Unpaid domestic, care and volunteer work",2006,4.35,Women,NLD
642,20 to 74,,Netherlands,2005 and later,Paid and subsistence work,2011-12,2.05,Women,NLD
643,20 to 74,,Netherlands,2005 and later,Paid and subsistence work,2006,2.05,Women,NLD
644,12+,,New Zealand,1995 - 2004,"Unpaid domestic, care and volunteer work",1998-99,4.583333333,Women,NZL
645,12+,,New Zealand,1995 - 2004,Paid and subsistence work,1998-99,2.266666667,Women,NZL
646,12+,,New Zealand,2005 and later,"Unpaid domestic, care and volunteer work",2009-10,4.333333333,Women,NZL
647,12+,,New Zealand,2005 and later,Paid and subsistence work,2009-10,2.383333333,Women,NZL
648,6+,,Nicaragua,1995 - 2004,"Unpaid domestic, care and volunteer work",1998,4.666666667,Women,NIC
649,6+,,Nicaragua,1995 - 2004,Paid and subsistence work,1998,2.316666667,Women,NIC
650,16 to 74,,Norway,1995 - 2004,"Unpaid domestic, care and volunteer work",2000-01,3.933333333,Women,NOR
651,16 to 74,,Norway,1995 - 2004,Paid and subsistence work,2000-01,2.983333333,Women,NOR
652,16 to 74,,Norway,2005 and later,"Unpaid domestic, care and volunteer work",2010-11,3.833333333,Women,NOR
653,16 to 74,,Norway,2005 and later,Paid and subsistence work,2010-11,3.016666667,Women,NOR
654,20 to 74,,Norway,1995 - 2004,"Unpaid domestic, care and volunteer work",2000-01,3.633333333,Women,NOR
655,20 to 74,,Norway,1995 - 2004,Paid and subsistence work,2000-01,2.7833333330000003,Women,NOR
656,20 to 74,,Norway,2005 and later,"Unpaid domestic, care and volunteer work",2010-11,3.3,Women,NOR
657,20 to 74,,Norway,2005 and later,Paid and subsistence work,2010-11,2.5,Women,NOR
658,15+,,Oman,1995 - 2004,"Unpaid domestic, care and volunteer work",1999-00,4.933333333,Women,OMN
659,15+,,Oman,1995 - 2004,Paid and subsistence work,1999-00,1.5833333330000001,Women,OMN
660,15+?,,Oman,2005 and later,"Unpaid domestic, care and volunteer work",2007-08,4.566666667,Women,OMN
661,15+?,,Oman,2005 and later,Paid and subsistence work,2007-08,0.966666667,Women,OMN
662,10+,,Pakistan,2005 and later,"Unpaid domestic, care and volunteer work",2007,4.783333333,Women,PAK
663,10+,,Pakistan,2005 and later,Paid and subsistence work,2007,1.3,Women,PAK
664,15+,Urban,Panama,2005 and later,"Unpaid domestic, care and volunteer work",2011,4.6,Women,PAN
665,15+,Urban,Panama,2005 and later,Paid and subsistence work,2011,3.083333333,Women,PAN
666,12+,,Peru,2005 and later,"Unpaid domestic, care and volunteer work",2010,5.6333333329999995,Women,PER
667,12+,,Peru,2005 and later,Paid and subsistence work,2010,3.05,Women,PER
668,15+,,Peru,2005 and later,"Unpaid domestic, care and volunteer work",2010,5.6,Women,PER
669,15+,,Peru,2005 and later,Paid and subsistence work,2010,3.066666667,Women,PER
670,15 to 64,,Poland,1995 - 2004,"Unpaid domestic, care and volunteer work",2003-04,4.933333333,Women,POL
671,15 to 64,,Poland,1995 - 2004,Paid and subsistence work,2003-04,2.633333333,Women,POL
672,15+,,Poland,2005 and later,"Unpaid domestic, care and volunteer work",2013,4.6,Women,POL
673,15+,,Poland,2005 and later,Paid and subsistence work,2013,2.3,Women,POL
674,20 to 74,,Poland,1995 - 2004,"Unpaid domestic, care and volunteer work",2003-04,4.983333333,Women,POL
675,20 to 74,,Poland,1995 - 2004,Paid and subsistence work,2003-04,2.25,Women,POL
676,15 to 64,,Portugal,1995 - 2004,"Unpaid domestic, care and volunteer work",1999,5.466666667,Women,PRT
677,15 to 64,,Portugal,1995 - 2004,Paid and subsistence work,1999,3.316666667,Women,PRT
678,15+,,Portugal,1995 - 2004,"Unpaid domestic, care and volunteer work",1999,5.033333333,Women,PRT
679,15+,,Portugal,1995 - 2004,Paid and subsistence work,1999,2.666666667,Women,PRT
680,15+,Citizens,Qatar,2005 and later,"Unpaid domestic, care and volunteer work",2012-13,3.316666667,Women,QAT
681,15+,Citizens,Qatar,2005 and later,Paid and subsistence work,2012-13,2.0,Women,QAT
682,15+,Non-citizens,Qatar,2005 and later,"Unpaid domestic, care and volunteer work",2012-13,2.7,Women,QAT
683,15+,Non-citizens,Qatar,2005 and later,Paid and subsistence work,2012-13,6.083333333,Women,QAT
684,10+,,Republic of Korea,1995 - 2004,"Unpaid domestic, care and volunteer work",2004,3.516666667,Women,PRK
685,10+,,Republic of Korea,1995 - 2004,"Unpaid domestic, care and volunteer work",1999,3.666666667,Women,PRK
686,10+,,Republic of Korea,1995 - 2004,Paid and subsistence work,2004,3.016666667,Women,PRK
687,10+,,Republic of Korea,1995 - 2004,Paid and subsistence work,1999,3.183333333,Women,PRK
688,10+,,Republic of Korea,2005 and later,"Unpaid domestic, care and volunteer work",2014,3.4666666669999997,Women,PRK
689,10+,,Republic of Korea,2005 and later,"Unpaid domestic, care and volunteer work",2009,3.4666666669999997,Women,PRK
690,10+,,Republic of Korea,2005 and later,Paid and subsistence work,2014,2.433333333,Women,PRK
691,10+,,Republic of Korea,2005 and later,Paid and subsistence work,2009,2.883333333,Women,PRK
692,10+,,Republic of Moldova,2005 and later,"Unpaid domestic, care and volunteer work",2011-12,4.75,Women,MDA
693,10+,,Republic of Moldova,2005 and later,Paid and subsistence work,2011-12,2.7833333330000003,Women,MDA
694,15+,,Réunion,2005 and later,"Unpaid domestic, care and volunteer work",2010,3.866666667,Women,REU
695,15+,,Réunion,2005 and later,Paid and subsistence work,2010,2.2166666669999997,Women,REU
696,10+,,Romania,1995 - 2004,"Unpaid domestic, care and volunteer work",2000,5.2,Women,ROU
697,10+,,Romania,1995 - 2004,Paid and subsistence work,2000,1.6,Women,ROU
698,10+,,Romania,2005 and later,"Unpaid domestic, care and volunteer work",2011-12,4.4,Women,ROU
699,10+,,Romania,2005 and later,Paid and subsistence work,2011-12,1.6666666669999999,Women,ROU
700,20 to 74,,Romania,2005 and later,"Unpaid domestic, care and volunteer work",2011-12,4.9,Women,ROU
701,20 to 74,,Romania,2005 and later,Paid and subsistence work,2011-12,2.066666667,Women,ROU
702,15+,,Serbia,2005 and later,"Unpaid domestic, care and volunteer work",2010-11,4.983333333,Women,SRB
703,15+,,Serbia,2005 and later,Paid and subsistence work,2010-11,2.116666667,Women,SRB
704,20 to 74,,Slovenia,1995 - 2004,"Unpaid domestic, care and volunteer work",2000-01,5.033333333,Women,SVN
705,20 to 74,,Slovenia,1995 - 2004,Paid and subsistence work,2000-01,3.05,Women,SVN
706,10+,,South Africa,1995 - 2004,"Unpaid domestic, care and volunteer work",2000,3.6,Women,ZAF
707,10+,,South Africa,1995 - 2004,Paid and subsistence work,2000,1.9333333330000002,Women,ZAF
708,10+,,South Africa,2005 and later,"Unpaid domestic, care and volunteer work",2010,3.816666667,Women,ZAF
709,10+,,South Africa,2005 and later,Paid and subsistence work,2010,2.166666667,Women,ZAF
710,15 to 64,,South Africa,2005 and later,"Unpaid domestic, care and volunteer work",2010,4.283333333,Women,ZAF
711,15 to 64,,South Africa,2005 and later,Paid and subsistence work,2010,2.65,Women,ZAF
712,20 to 74,,Spain,1995 - 2004,"Unpaid domestic, care and volunteer work",2002-03,4.916666667,Women,ESP
713,20 to 74,,Spain,1995 - 2004,Paid and subsistence work,2002-03,2.4,Women,ESP
714,20 to 74,,Spain,2005 and later,"Unpaid domestic, care and volunteer work",2009-10,4.55,Women,ESP
715,20 to 74,,Spain,2005 and later,Paid and subsistence work,2009-10,2.35,Women,ESP
716,10+,,State of Palestine,1995 - 2004,"Unpaid domestic, care and volunteer work",1999-00,5.016666667,Women,PSE
717,10+,,State of Palestine,1995 - 2004,Paid and subsistence work,1999-00,0.533333333,Women,PSE
718,10+,,State of Palestine,2005 and later,"Unpaid domestic, care and volunteer work",2012-13,4.883333333,Women,PSE
719,10+,,State of Palestine,2005 and later,Paid and subsistence work,2012-13,0.6,Women,PSE
720,20 to 64,,Sweden,1995 - 2004,"Unpaid domestic, care and volunteer work",2000-01,4.133333333,Women,SWE
721,20 to 64,,Sweden,1995 - 2004,Paid and subsistence work,2000-01,3.683333333,Women,SWE
722,20 to 64,,Sweden,2005 and later,"Unpaid domestic, care and volunteer work",2010-11,3.833333333,Women,SWE
723,20 to 64,,Sweden,2005 and later,Paid and subsistence work,2010-11,4.2,Women,SWE
724,20 to 74,,Switzerland,1995 - 2004,"Unpaid domestic, care and volunteer work",2004,4.666666667,Women,CHE
725,20 to 74,,Switzerland,1995 - 2004,"Unpaid domestic, care and volunteer work",2000,4.683333333,Women,CHE
726,20 to 74,,Switzerland,1995 - 2004,"Unpaid domestic, care and volunteer work",1997,4.85,Women,CHE
727,20 to 74,,Switzerland,1995 - 2004,Paid and subsistence work,2004,2.483333333,Women,CHE
728,20 to 74,,Switzerland,1995 - 2004,Paid and subsistence work,2000,2.5,Women,CHE
729,20 to 74,,Switzerland,1995 - 2004,Paid and subsistence work,1997,2.316666667,Women,CHE
730,20 to 74,,Switzerland,2005 and later,"Unpaid domestic, care and volunteer work",2013,4.233333333,Women,CHE
731,20 to 74,,Switzerland,2005 and later,"Unpaid domestic, care and volunteer work",2010,4.233333333,Women,CHE
732,20 to 74,,Switzerland,2005 and later,"Unpaid domestic, care and volunteer work",2007,4.65,Women,CHE
733,20 to 74,,Switzerland,2005 and later,Paid and subsistence work,2013,2.583333333,Women,CHE
734,20 to 74,,Switzerland,2005 and later,Paid and subsistence work,2010,2.616666667,Women,CHE
735,20 to 74,,Switzerland,2005 and later,Paid and subsistence work,2007,2.516666667,Women,CHE
736,10+,,Thailand,2005 and later,"Unpaid domestic, care and volunteer work",2009,3.166666667,Women,THA
737,10+,,Thailand,2005 and later,Paid and subsistence work,2009,4.5,Women,THA
738,10+,,Macedonia,2005 and later,"Unpaid domestic, care and volunteer work",2009,4.016666667,Women,MKD
739,10+,,Macedonia,2005 and later,Paid and subsistence work,2009,1.85,Women,MKD
740,20 to 74,,Macedonia,1995 - 2004,"Unpaid domestic, care and volunteer work",2004,5.7,Women,MKD
741,20 to 74,,Macedonia,1995 - 2004,Paid and subsistence work,2004,2.083333333,Women,MKD
742,20 to 74,,Macedonia,2005 and later,"Unpaid domestic, care and volunteer work",2009,4.75,Women,MKD
743,20 to 74,,Macedonia,2005 and later,Paid and subsistence work,2009,2.2833333330000003,Women,MKD
744,15+,,Tunisia,2005 and later,"Unpaid domestic, care and volunteer work",2005-06,5.366666667,Women,TUN
745,15+,,Tunisia,2005 and later,Paid and subsistence work,2005-06,1.75,Women,TUN
746,15+,,Turkey,2005 and later,"Unpaid domestic, care and volunteer work",2014-15,5.516666667000001,Women,TUR
747,15+,,Turkey,2005 and later,"Unpaid domestic, care and volunteer work",2006,6.183333332999999,Women,TUR
748,15+,,Turkey,2005 and later,Paid and subsistence work,2014-15,1.266666667,Women,TUR
749,15+,,Turkey,2005 and later,Paid and subsistence work,2006,1.133333333,Women,TUR
750,20 to 74,,Turkey,2005 and later,"Unpaid domestic, care and volunteer work",2006,5.283333333,Women,TUR
751,20 to 74,,Turkey,2005 and later,Paid and subsistence work,2006,1.133333333,Women,TUR
752,16+,,United Kingdom of Great Britain and Northern Ireland,1995 - 2004,"Unpaid domestic, care and volunteer work",2000-01,4.35,Women,GBR
753,16+,,United Kingdom of Great Britain and Northern Ireland,1995 - 2004,Paid and subsistence work,2000-01,2.116666667,Women,GBR
754,16+,,United Kingdom of Great Britain and Northern Ireland,2005 and later,"Unpaid domestic, care and volunteer work",2005,3.866666667,Women,GBR
755,16+,,United Kingdom of Great Britain and Northern Ireland,2005 and later,Paid and subsistence work,2005,2.2,Women,GBR
756,20 to 74,,United Kingdom of Great Britain and Northern Ireland,2005 and later,"Unpaid domestic, care and volunteer work",2005,3.5333333330000003,Women,GBR
757,20 to 74,,United Kingdom of Great Britain and Northern Ireland,2005 and later,Paid and subsistence work,2005,2.2,Women,GBR
758,5+,,United Republic of Tanzania,2005 and later,"Unpaid domestic, care and volunteer work",2014,3.9666666669999997,Women,TZA
759,5+,,United Republic of Tanzania,2005 and later,"Unpaid domestic, care and volunteer work",2006,3.5333333330000003,Women,TZA
760,5+,,United Republic of Tanzania,2005 and later,Paid and subsistence work,2014,3.25,Women,TZA
761,5+,,United Republic of Tanzania,2005 and later,Paid and subsistence work,2006,3.416666667,Women,TZA
762,15+,,United Republic of Tanzania,2005 and later,"Unpaid domestic, care and volunteer work",2006,4.233333333,Women,TZA
763,15+,,United Republic of Tanzania,2005 and later,Paid and subsistence work,2006,4.166666667,Women,TZA
764,15+,,United States of America,1995 - 2004,"Unpaid domestic, care and volunteer work",2004,4.466666667,Women,USA
765,15+,,United States of America,1995 - 2004,"Unpaid domestic, care and volunteer work",2003,4.433333333,Women,USA
766,15+,,United States of America,1995 - 2004,Paid and subsistence work,2004,2.9666666669999997,Women,USA
767,15+,,United States of America,1995 - 2004,Paid and subsistence work,2003,2.9,Women,USA
768,15+,,United States of America,2005 and later,"Unpaid domestic, care and volunteer work",2014,4.1,Women,USA
769,15+,,United States of America,2005 and later,"Unpaid domestic, care and volunteer work",2013,4.116666667,Women,USA
770,15+,,United States of America,2005 and later,"Unpaid domestic, care and volunteer work",2012,4.016666667,Women,USA
771,15+,,United States of America,2005 and later,"Unpaid domestic, care and volunteer work",2011,4.033333333,Women,USA
772,15+,,United States of America,2005 and later,"Unpaid domestic, care and volunteer work",2010,4.083333333,Women,USA
773,15+,,United States of America,2005 and later,"Unpaid domestic, care and volunteer work",2009,4.183333333,Women,USA
774,15+,,United States of America,2005 and later,"Unpaid domestic, care and volunteer work",2008,4.183333333,Women,USA
775,15+,,United States of America,2005 and later,"Unpaid domestic, care and volunteer work",2007,4.266666667,Women,USA
776,15+,,United States of America,2005 and later,"Unpaid domestic, care and volunteer work",2006,4.266666667,Women,USA
777,15+,,United States of America,2005 and later,"Unpaid domestic, care and volunteer work",2005,4.366666667,Women,USA
778,15+,,United States of America,2005 and later,Paid and subsistence work,2014,2.95,Women,USA
779,15+,,United States of America,2005 and later,Paid and subsistence work,2013,2.7833333330000003,Women,USA
780,15+,,United States of America,2005 and later,Paid and subsistence work,2012,2.95,Women,USA
781,15+,,United States of America,2005 and later,Paid and subsistence work,2011,2.933333333,Women,USA
782,15+,,United States of America,2005 and later,Paid and subsistence work,2010,2.933333333,Women,USA
783,15+,,United States of America,2005 and later,Paid and subsistence work,2009,2.833333333,Women,USA
784,15+,,United States of America,2005 and later,Paid and subsistence work,2008,2.983333333,Women,USA
785,15+,,United States of America,2005 and later,Paid and subsistence work,2007,3.15,Women,USA
786,15+,,United States of America,2005 and later,Paid and subsistence work,2006,3.0,Women,USA
787,15+,,United States of America,2005 and later,Paid and subsistence work,2005,3.0,Women,USA
788,15+,,United States of America,2015,"Unpaid domestic, care and volunteer work",2015,4.183333333,Women,USA
789,15+,,United States of America,2015,Paid and subsistence work,2015,2.933333333,Women,USA
790,14+,,Uruguay,2005 and later,"Unpaid domestic, care and volunteer work",2013,5.133333333,Women,URY
791,14+,,Uruguay,2005 and later,"Unpaid domestic, care and volunteer work",2007,4.966666667,Women,URY
792,14+,,Uruguay,2005 and later,Paid and subsistence work,2013,2.766666667,Women,URY
793,14+,,Uruguay,2005 and later,Paid and subsistence work,2007,2.666666667,Women,URY
794,15+,,Uruguay,2005 and later,"Unpaid domestic, care and volunteer work",2007,6.05,Women,URY
795,15+,,Uruguay,2005 and later,Paid and subsistence work,2007,2.616666667,Women,URY
